<?xml version="1.0" encoding="utf-8" ?>
<!--********** Copyright 2016 Roku Corp.  All Rights Reserved. **********-->

<component name="SimpleRowListItem" extends="Group">
 
<interface> 
  <field id="itemContent" type="node" onChange="itemContentChanged"/> 
</interface>
 
<script type="text/brightscript" >
<![CDATA[ 
  function itemContentChanged() as void
    itemData = m.top.itemContent
    m.itemImage.uri = itemData.SDPosterUrl
    m.itemText.text = itemData.title
  end function
    
  function init() as void
    m.itemImage = m.top.findNode("itemImage") 
    m.itemText = m.top.findNode("itemText") 
  end function
]]>
</script>

<children>
    <LayoutGroup layoutDirection="vert" vertAlignment="top" itemSpacings="20" translation="[0,0]" >
        	<Poster id="itemImage" translation="[0,0]" width="350" height="213">     	
	       		<Label id="itemText" horizAlign="center" translation="[0,175]" width="350" height="65">
	       			<Font uri="pkg:/fonts/AvenirNextBold/AvenirNext-Regular.ttf" size="20" />
	       		</Label>
        	</Poster>
    </LayoutGroup>
</children>

</component>